index,frb_name,fingerprint,name,fluence
0,FRB20180725A,0d0b7f12677d7040aa03f6711371473937febff19c425f84dd324896af77e1bf,FRB20180725A,1.7
1,FRB20180727A,7e3df6eeec9b3fca0a4435b672da2b9f2d217dbe70e86b6a83a4e4c1e11b8d1f,FRB20180727A,0.6
2,FRB20180729A,92d365bf3c75236ee7b9ec74c7be7832ac76243df4ff7743a5c35f5ee33c4309,FRB20180729A,11.7
3,FRB20180729B,f7d65097fcef6dca74519f34e1b536a5cc4f04f3761b187bf5ecd00558e8b5c8,FRB20180729B,0.9
4,FRB20180730A,db4066b396d11b0f2da823051c9a1e53fd1de52a48c8c3d1d85e1610bb8914e8,FRB20180730A,5.2
5,FRB20180801A,8c4c3b083439f7f17df8bcf9d5c50ddbb9d5a9f29c4a69a7b6f51b8cedaffb5d,FRB20180801A,1.1
6,FRB20180806A,0c5c2b0f2e859b8f5b24cb7fb90e295be737874593b4688603eac12d0f0a1a2b,FRB20180806A,1.9
7,FRB20180810A,6497eb5dfb5b249e00a467ceade681236fe9a5b03041c608c10e140e9a03f603,FRB20180810A,1.1
8,FRB20180810B,7221b1f8be0993cacfddf7c3140d6425d9a294d9de8dd8c467bc35dd65e3ad43,FRB20180810B,5.2
9,FRB20180812A,9044d3b8c51672711b604b9b88c1d1fcc120dce58f5be2c57eac2342d8cbabb3,FRB20180812A,0.9
10,FRB20180814B,17580c1f636040572b799ff0c8c665994f8ac313d50cef89ae2556e3eaef8ebc,FRB20180814B,3.4
11,FRB20180814B,17580c1f636040572b799ff0c8c665994f8ac313d50cef89ae2556e3eaef8ebc,FRB20180814B,3.4
12,FRB20180814A,e766a16e350a6e2262307b982f32a158690ba3c1afe67a709654f557f8907f90,FRB20180814A,0.4
13,FRB20180817A,b961fa43bb831b12fc3b2ab8896437b1f4f98f857525bac5b46954c783ab6495,FRB20180817A,2.4
14,FRB20180904A,b973bb928541e222be1aed0da913e206bb4be45db14c92446c07ffd77f514d79,FRB20180904A,3.8
15,FRB20180906A,3427397818920d83bb5ebe9a90e14cc7573c530962c4f26571e12cb83ddf3406,FRB20180906A,1.6
16,FRB20180906B,a706b0d5390d0052c2806806ef5c44cdbc8ad39c9a79d2c477af941eafa1f753,FRB20180906B,0.4
17,FRB20180907D,ec72a3922a86e03aadf14936924c3421637863f6ddf30010e46c0043c6d24872,FRB20180907D,0.9
18,FRB20180907A,164d57911e9fc6e7ee93f9f369a390f9c9274dfc2c31f428fa9d79c7b0428bea,FRB20180907A,0.9
19,FRB20180907B,a0ef84b246369db92242945d310c4c79499abe39b1451bd97cbaec1f0941766d,FRB20180907B,1.1
20,FRB20180907C,3607dcf48a7d8e2408db1a2dfbb4fc0dc6aff27df7881e86b779f4f233ef338b,FRB20180907C,1.1
21,FRB20180907E,f0f3730b41df8c951a07befe9a1e55240d7cc2dfb53f9d212a7fd4c85774a85a,FRB20180907E,0.7
22,FRB20180908B,1831da84d677fb88cec4692925c747f97bc36e7c5bd412affbb807cb971222e2,FRB20180908B,1.2
23,FRB20180909A,3083e152aa178efb73c7b35b29006f7f0aa55f9690ba3b9b33c571f18e8f9123,FRB20180909A,0.3
24,FRB20180910A,59e60968458c53262ac7c0ba43d6601f508da2242bacdf83f21d144de6648c98,FRB20180910A,6.5
25,FRB20180911C,36a6c05eeb3b28927bb022b4dc6959737b0ee75b7a558c688a75ff6f6e93b8ba,FRB20180911C,1.0
26,FRB20180911A,95e911d062de7f992996cc9126d0dcc7308bb827bf1a1897425d5eefc5e91606,FRB20180911A,1.6
27,FRB20180915A,883c7eb1a0c21e16042945d5aedcd358e638fa53714abcfdeea361f91cc95dff,FRB20180915A,2.3
28,FRB20180915B,369e8bf1711e8ee5bd824d6874e0148ca2c653ad8bbe3ffd9d700d69b8506a73,FRB20180915B,1.0
29,FRB20180916A,46df8259a3d57c9753751ae272e6a8c2fb6e2cf6233ac56b10442443e3d656ae,FRB20180916A,2.4
30,FRB20180916B,9c88de460a8161c2f64193cfdc3935276525020663fe8c264637b1e5f334f97e,FRB20180916B,1.8
31,FRB20180916C,76ef318b6af1277a169011f1d1c3aafacc1909a76f4b42dc752ddec2e3904e5b,FRB20180916C,0.4
32,FRB20180917B,ca670de0be0100e35529929fc336ac171f5b4943ab93ce34f6f4206f23158552,FRB20180917B,1.0
33,FRB20180917A,331029955be840443642d2ed382738f045c500c4c05a3f9f25ccb0323e0f08aa,FRB20180917A,3.2
34,FRB20180917A,331029955be840443642d2ed382738f045c500c4c05a3f9f25ccb0323e0f08aa,FRB20180917A,3.2
35,FRB20180917A,331029955be840443642d2ed382738f045c500c4c05a3f9f25ccb0323e0f08aa,FRB20180917A,3.2
36,FRB20180918A,21b8cc5dced8fc377fe0f129ee97b03fb3edcd108d30edc5812724a2cb6f48ed,FRB20180918A,1.4
37,FRB20180919B,417a66395ef589ac04af4c25cb5976f1357d649c462f95adbb0985eb1e7ef0d3,FRB20180919B,2.6
38,FRB20180919A,11055784a1863ac0f6988aafb12b988150b94af1b6016768e27e4e29731e4e0e,FRB20180919A,0.6
39,FRB20180920A,8aad78b0c909659609f0b064cd19c49d633e6f0e994be18f4da6327c2084e510,FRB20180920A,0.9
40,FRB20180920B,b1264f01330796d1d7de2ad77a690bc5c152e2f4586f2222fc293a8c197f4d67,FRB20180920B,0.3
41,FRB20180921A,5beee57c1f41d8a8e90412d3401b3474ab1a87cfdcd0b8b29f331259bc06c531,FRB20180921A,0.9
42,FRB20180922A,a55a7604524aa8b33892a09833c846c43df2d1bdbbf6a2949aa8ce5f661ff720,FRB20180922A,2.6
43,FRB20180923A,8869557c82fa3c9887469c56ba7d84b45492c43d5a7227397fa671999255215f,FRB20180923A,0.8
44,FRB20180923D,761cd3dbff6d5735d1dbbe79ce4b85bc521525c7d3a141874b944f929310ea55,FRB20180923D,2.4
45,FRB20180923C,c4a03432272fcb5902977de0f86d93d3b65e8297eaa2cff4e3f073a931853d8b,FRB20180923C,0.9
46,FRB20180924A,abe58af1d386648ef531c8de8b43f3747e3e147e4f79b9657b06ac53c60f8eec,FRB20180924A,1.3
47,FRB20180925A,a5209db98f0adb11a54b39d6d3aab5146b5bf60d82c68d3db3e7722d6f8cce11,FRB20180925A,1.0
48,FRB20180925B,4cc1c90c5c94198f3273fe103122df62e05668afc6a6e9778a839ceeede3a425,FRB20180925B,0.8
49,FRB20180928A,81f0a6a4722ff80d02648c96c2990a52a1d4564a03e872f2aa6c3edbe30813cb,FRB20180928A,1.3
50,FRB20181012B,171f66bda0995077e1dbac2a9d3f0966903650747638e31ac780ec3528908efd,FRB20181012B,0.5
51,FRB20181013A,17c8eb99631942c93ac5b8214552642d8a738fe3f2e5559243daa94f9dd6b944,FRB20181013A,2.8
52,FRB20181013E,3b1a2ec678649e31c04d9ba12f0fd95a1caf8d7fa1e70627ea12ad03a856a70d,FRB20181013E,0.6
53,FRB20181013B,d5024580c904ebf5165abb88b4cbcf8cdba21f54b88c584b4a63338de45c1d5b,FRB20181013B,0.6
54,FRB20181013C,1db22684fadae71579aa1fa5e18de74ca3845d80f1c06acceb2ebc55d79b8dcf,FRB20181013C,0.4
55,FRB20181014A,956e58331aeeeded1cafd36ef21c2c83a8f0fe110985f1cbc110dd729af0985a,FRB20181014A,1.0
56,FRB20181014B,f691ea0c03391e5a84ac32a3d659e48415a20fb1a94cf6f6c18d56024bf174e8,FRB20181014B,0.7
57,FRB20181014C,019c8f47987e05de7d97d4ef20682f2fe9212c3ecc149a853091df628f5ca1b8,FRB20181014C,0.6
58,FRB20181014D,225f2da6dd1168914c759f144d19b3a2b08ddde30d2f6234a3b34134f46228d1,FRB20181014D,8.4
59,FRB20181015A,69d2365c50a0e2b36c3cabe2bc8d59453a93955c8dc30bd39c72ab6de2d268fb,FRB20181015A,1.5
60,FRB20181017B,10e514c8b93efb890983d5dd6994388f375290761ca39cdc1ecb2a58dee66490,FRB20181017B,1.1
61,FRB20181017A,6c16e1f5273067988aff12cd301837b5f412b7bd0f43a9b70dd9c79b36111e33,FRB20181017A,0.7
62,FRB20181018B,ef6d1ac9cf83f2da8f70a89cba13c01e6ba124a5e98659e20bd814efb7862140,FRB20181018B,5.1
63,FRB20181018A,941d04a105cbc558f67668f082ad6e08da23cf9adc7a30292560bf20402b3925,FRB20181018A,0.5
64,FRB20181018C,2689bba291ab6853162a62d2c4a372f92da6b153012de8d94e5acb05c58e85cc,FRB20181018C,2.4
65,FRB20181019A,d2a5fe2d08ed44b40fd0cf5e16e5564067db002683ceced23eb04d466e8f48fb,FRB20181019A,0.8
66,FRB20181019A,d2a5fe2d08ed44b40fd0cf5e16e5564067db002683ceced23eb04d466e8f48fb,FRB20181019A,0.8
67,FRB20181019B,f90e66a7a0cc09124cbe717fecdcfcf43e8e402cacf7d0d40321a82437dcf924,FRB20181019B,0.7
68,FRB20181019C,c33312984e06038ccfc50f0f2aa83d21563bae6697e21c634c579752b5324506,FRB20181019C,1.2
69,FRB20181020A,87c4d22f4601b47dbb3d304c6253d0a0b028cd3c7e4344a6a14b52967b128949,FRB20181020A,0.8
70,FRB20181022C,9559aa5b9560bd4f0d2ed2a2dde2de7c180b45faa59d75757dcb953551b34704,FRB20181022C,0.9
71,FRB20181022D,75f2b0b6b85afb0d3f96b268b0fe5e8c0e7785f53fcdc27cdc501a70a1a441d8,FRB20181022D,2.9
72,FRB20181022E,29d3fc4a6c57475facba02f0082a7be7434f1d231d525afc68012c1bf9a221d6,FRB20181022E,0.7
73,FRB20181025A,7c2a3677054256e1c1cd6c1573ad87076124f2de6b208c8e491290da55d1107e,FRB20181025A,1.5
74,FRB20181027A,6286a443630daca5f442cd61f14b5de95464e00ba1bca53f1f4516d0052ee62a,FRB20181027A,4.9
75,FRB20181028A,f8d58883d7e483fa4e087a18fd9c7db9cecc26c2dac0260be32f4e4bf4bc0f6f,FRB20181028A,1.3
76,FRB20181028A,f8d58883d7e483fa4e087a18fd9c7db9cecc26c2dac0260be32f4e4bf4bc0f6f,FRB20181028A,1.3
77,FRB20181028A,f8d58883d7e483fa4e087a18fd9c7db9cecc26c2dac0260be32f4e4bf4bc0f6f,FRB20181028A,1.3
78,FRB20181028A,f8d58883d7e483fa4e087a18fd9c7db9cecc26c2dac0260be32f4e4bf4bc0f6f,FRB20181028A,1.3
79,FRB20181028A,f8d58883d7e483fa4e087a18fd9c7db9cecc26c2dac0260be32f4e4bf4bc0f6f,FRB20181028A,1.3
80,FRB20181030C,e5217e6c0adca3bb7ade98240f1496d5a66541bb7d5bbda92657d20fbf478402,FRB20181030C,1.6
81,FRB20181030A,55ee49c3a644b46157cc4e728f92105c8ed0fe3c064e94f1a7bad2f245ff1419,FRB20181030A,4.3
82,FRB20181030B,1e4205376811a06b7a7d6a7cf2cc150f9572bdd4e38b6869f62a7648051b8e2f,FRB20181030B,2.3
83,FRB20181030D,09e7d6812dfc15d76c13caf36061aa23249ba910f04dc1fbf252873b7ca89bce,FRB20181030D,2.7
84,FRB20181030E,313a155a7e347ddbbba9504a5c3f16dab3af1d67042676f7c6c4d2bc52cd51a4,FRB20181030E,2.0
85,FRB20181101A,18134360de84335f965772acaa4b59120d272779577c696a7805e64c8f13e801,FRB20181101A,0.5
86,FRB20181102A,03e117b77180a6365825317a23ab3096ac4f8a9023857e8e79af2d058be81925,FRB20181102A,1.5
87,FRB20181104A,1e404751887919d0bafebe6386d8b96d00af2d38ba0bdd2f122fda3991620c03,FRB20181104A,1.5
88,FRB20181104B,dffe232ff62b3f66744b24751090e442b92d3cade2bdbcf4f57e5917686234f0,FRB20181104B,0.3
89,FRB20181104C,24a32cb52ad3ee50dcb4e62d68d46179a8bfa00b27740390f983f9ee3e3501c3,FRB20181104C,9.7
90,FRB20181104C,24a32cb52ad3ee50dcb4e62d68d46179a8bfa00b27740390f983f9ee3e3501c3,FRB20181104C,9.7
91,FRB20181115A,0e551cbbe200d018076ccf26f40c326c92a4bb6f0be8d447ca92e15b44d1e347,FRB20181115A,0.4
92,FRB20181116A,72d122ff205d6e988771eac40a2099b0bf7cd686df289fcc74b83b55bc0245a8,FRB20181116A,4.0
93,FRB20181116B,3e9e379adc6dfc0a37570e7e532e7ccbbda46b91a5279351bcc9f9766d3318da,FRB20181116B,0.7
94,FRB20181117C,d3fd7979ceb701479d8ae4c43fde386daf26d454225c13aba13f2260386c21af,FRB20181117C,1.6
95,FRB20181117A,f14044eaaf45eede9e2405fc2a44cdb298dbe90cfcaecde5bc22a47f99c6e35b,FRB20181117A,0.6
96,FRB20181117B,d274e1838b6deb2926aa0159f0ef9eba2cd9f95b05f4ba781dde4a14380bac92,FRB20181117B,3.6
97,FRB20181117B,d274e1838b6deb2926aa0159f0ef9eba2cd9f95b05f4ba781dde4a14380bac92,FRB20181117B,3.6
98,FRB20181118A,4b8c66de3d54f7aa668cda260098e3747dcc9e300f32ad7b75efe87dfe52654d,FRB20181118A,4.3
99,FRB20181118B,6a78620e8f809554dba51cc7a4b938d5e8d98bc021f21f04f35b1fcc1c31bab1,FRB20181118B,0.8
100,FRB20181118C,1766577f0fcc0e8d9766825b90340ad905fd9b92a5ff6bc02064c9bbbe5385f9,FRB20181118C,0.3
101,FRB20181119B,af2ec441e72f1472e8ea88f72a31dd7783821dea2e2d1c3e415014b16a8b31cd,FRB20181119B,4.5
102,FRB20181119E,867f45fb8a7bfaa4a2956af1d5d7b3cd20adf39d3869afa9e9315b1607b319c3,FRB20181119E,0.7
103,FRB20181119D,9a99185f1bd53efb15d7fc78a3b2b0cb241a3814afdf305dd75b3562701cf4ff,FRB20181119D,0.5
104,FRB20181119D,9a99185f1bd53efb15d7fc78a3b2b0cb241a3814afdf305dd75b3562701cf4ff,FRB20181119D,0.5
105,FRB20181119D,9a99185f1bd53efb15d7fc78a3b2b0cb241a3814afdf305dd75b3562701cf4ff,FRB20181119D,0.5
106,FRB20181119A,8708b5782f3339bca7881c34235f943f53c1b7f3d52ad9cdc785956d28484d5e,FRB20181119A,0.3
107,FRB20181119C,ef3ff7b70204007399710d149ce5ba22c8ed7ff45d0a9bc45a783c9b72342856,FRB20181119C,2.8
108,FRB20181120B,38843a16f60725fc74ed0fe9d9f5ee4e29ddbfa4f03ac3cf1ae293a2af3db1b1,FRB20181120B,1.0
109,FRB20181120C,7ebf172cfcd661a16f19377505f495b44ba54c8d0c7570ae324dca831bd31649,FRB20181120C,0.4
110,FRB20181122A,2b5f4717e30d7992ccd64e62b01a0fc4e39605a159f7a9137e324166215be974,FRB20181122A,0.5
111,FRB20181122B,ca9cf9e5f1bed55a891e2ec9db1317ebc3bba8c5bd04e04a2a52d89defcab298,FRB20181122B,14.7
112,FRB20181123A,b9d35a526caf5fd280a582a888562cb47092941eb44ac6be82168dbf1f51ebeb,FRB20181123A,1.0
113,FRB20181124B,90954fc3ebe0adf3af396c2ed860ad1477f918ce61a6fdfaf00cfb9b2562189f,FRB20181124B,2.6
114,FRB20181124A,957a841a2bf1466537b83c39575dcd6278ba3884bcc69d6e277aee8368383aac,FRB20181124A,0.7
115,FRB20181125A,76ab18aa0c42858348296995990be57091bdccfbebf721cfde5bc9995444ccde,FRB20181125A,0.4
116,FRB20181125A,76ab18aa0c42858348296995990be57091bdccfbebf721cfde5bc9995444ccde,FRB20181125A,0.4
117,FRB20181125A,76ab18aa0c42858348296995990be57091bdccfbebf721cfde5bc9995444ccde,FRB20181125A,0.4
118,FRB20181126A,6019b8abc07b2b10c28d256784234b125feac16507556d5b397fc285b76d01c3,FRB20181126A,3.5
119,FRB20181127A,e60e698c25af2f796770abf57c23504d4c435826f86ae25331cb5fdfc2ffc7fa,FRB20181127A,0.8
120,FRB20181128A,64a30c0556946e7d2240ae9fdf4481044ca596e1e9e5c8dda44e86a79c16a1a7,FRB20181128A,0.6
121,FRB20181128A,64a30c0556946e7d2240ae9fdf4481044ca596e1e9e5c8dda44e86a79c16a1a7,FRB20181128A,0.6
122,FRB20181128B,ca53ccbd78ab296cfae2740098470de061e6a37ac1f2eb753fd1675b7bcc5dc0,FRB20181128B,0.3
123,FRB20181128D,fbb816b953eb1774b56f9feebbd4393a6ff38f36213c20e4a249b3c0317d3095,FRB20181128D,2.6
124,FRB20181128C,078d9b9af53f33d6dddb430b4f6bce0d724736350c2039d3a63e50457a24bf5e,FRB20181128C,0.4
125,FRB20181128C,078d9b9af53f33d6dddb430b4f6bce0d724736350c2039d3a63e50457a24bf5e,FRB20181128C,0.4
126,FRB20181129A,ab3dea5eff479dcd34268db446b0c5b04060c220b34d29b40d90732f3ab623a7,FRB20181129A,1.5
127,FRB20181129B,5f54ca6458475bca2f56674e7e8d1ceb2dd07d72138c3463b8a7f974844acd3f,FRB20181129B,4.0
128,FRB20181129C,3e41d4276f7acc604728cdbbfaf23510d33eb94b60926c8ae8843e24e8b49d19,FRB20181129C,0.8
129,FRB20181130A,0e9a877544ec3ec8896c837210d9a1879e59e03e1ce23f179cedf2d467f38391,FRB20181130A,1.0
130,FRB20181201A,e93e91ec25827d2ef948d79c3583ff0e4e739f7c9222162c60678ea6a8837d9b,FRB20181201A,0.4
131,FRB20181201B,73444ab240dcb4a58dacf2433fd3d145afd1a5744882c82a903b0d98bcc1df00,FRB20181201B,0.7
132,FRB20181202A,f5489dd1500385d5e03399b7dbf46ca6e3974e2658c1e10320815be05d5c17ec,FRB20181202A,2.6
133,FRB20181202B,abae1355b55408c171eb254b3c76d2cfe1bee3cc135a78f3a6a5d7eeb29a007a,FRB20181202B,1.0
134,FRB20181202C,0e6b2594f13b365a867850e8dd0d612c6dfab1d25cc32977865a10929de851b7,FRB20181202C,0.5
135,FRB20181203A,3b67729a9614c1bed099744c1a5c5503fd4a14e9bb6755eb722def75548d5f35,FRB20181203A,1.7
136,FRB20181203B,244196a3fc24909d78f167d9e1d469a26668cd212961adf6462e41ad73770189,FRB20181203B,1.4
137,FRB20181203C,fc7aa16edf6cf76d1d6704d1f11a9d51aac93a842912ff2467f616bba9c574c7,FRB20181203C,1.1
138,FRB20181208A,7f868a583cf51cf83a3ab283f023049a112b042ea9728132d7702f4ccaaf43ff,FRB20181208A,0.9
139,FRB20181209A,b922ca8296144beac320da5350cda38e9fd0a68176dfe607a2dfcfa3b76d9bb5,FRB20181209A,2.5
140,FRB20181213A,40421bd4134fc49b38143b453aeb63315257613881401b9af2567df5f83197ec,FRB20181213A,0.9
141,FRB20181213B,1d9c4eeed6b6c10dad55d9e2e7400369a52d7effaf5338c8acdcdae011d8919b,FRB20181213B,0.8
142,FRB20181213C,1cf5b44ec939f3707620df4fb3a9f07eb3165eacc53968ae4867e4b5ba50977d,FRB20181213C,0.6
143,FRB20181214A,3ab261ab17a4b270ee43405cd97fad21b81a56ec95a3d756b69d82dc56bbcf0c,FRB20181214A,0.2
144,FRB20181214B,523e35b40c7ccdcad0522a1437b09e0e7b7cd8d1045d99cac10205f586c2b94d,FRB20181214B,0.4
145,FRB20181214C,a75d303463b8e765f1996e879d92d7f401adcbb366c290edc7468539cdff4896,FRB20181214C,1.2
146,FRB20181214D,04b5d8433bfa546a61af492f6f878fac58ca847d80f9e31ebdf4f10f5f2aca2b,FRB20181214D,0.6
147,FRB20181214F,b915830f9cbe952f7791539944d65bbbde69b5c475d3595a0bf3aa5021fdc58c,FRB20181214F,0.3
148,FRB20181215A,4b1986d927e92cb4f9cfde798bd618b5d521757cac9f61f6381d3749fd4e36bd,FRB20181215A,0.3
149,FRB20181215B,712c401b7ed71c86a0f589dd7766961c5268a9ed3e5267ce88081dbfe3859316,FRB20181215B,1.9
150,FRB20181216A,5964ea796c1cdb52a101e4667b76cf0b7a3e0a2382bf5715c2161828842ce099,FRB20181216A,0.9
151,FRB20181217A,45605fe4c669a8f5c38a0ed7c045c1b345a516fd0720c3c94b1b66e11d0a9f4b,FRB20181217A,0.6
152,FRB20181218A,b6eede81ba46f96e23a21533c58d11a3b5b644c8fa2e9510537c9b89817ab996,FRB20181218A,0.8
153,FRB20181218B,17285379d56aa6e24f949ee33726074be9f57e9de4fbc79fc5fac4e0e1530e6e,FRB20181218B,0.6
154,FRB20181218C,5d2be09cf21a531e3b4f2d427d8d158b5b9552a70993410da4a9e3e298f04d86,FRB20181218C,0.2
155,FRB20181219B,73ef390900b89e5176b0d8061a52525cafd4df937acf2f1cd2e0d23079ee8427,FRB20181219B,4.6
156,FRB20181219C,78458dacf046a4a748fde5a8e85c619a293dda3aebd476061815c3666da54304,FRB20181219C,0.2
157,FRB20181219A,402b3698a721e24c6a9889eef0222bd9f4d592c4a740f15f9d192a101eb99a3c,FRB20181219A,0.4
158,FRB20181220A,c26a2288158889e2d8e077b3638ff14d324eb494a146556cef2b906a73f3f6fa,FRB20181220A,1.3
159,FRB20181220B,aa0461eae26fada4aed4696014dcd21d7e58e903276a0aacff08d807703a53da,FRB20181220B,2.9
160,FRB20181221A,3ffe226fe7f16d26d73496b86d71488b19bb6f7a7ddda2258f6c75a3da122eec,FRB20181221A,1.2
161,FRB20181221B,4a7649d448104d2e6ed0b9aa4395ea153ad224cb4b540c072429a188ba8e8fa8,FRB20181221B,1.0
162,FRB20181222A,c292e631f636008065f0b1368d085bac2d9d2850e84426059bfcb7c342b1020c,FRB20181222A,4.9
163,FRB20181222A,c292e631f636008065f0b1368d085bac2d9d2850e84426059bfcb7c342b1020c,FRB20181222A,4.9
164,FRB20181222A,c292e631f636008065f0b1368d085bac2d9d2850e84426059bfcb7c342b1020c,FRB20181222A,4.9
165,FRB20181222A,c292e631f636008065f0b1368d085bac2d9d2850e84426059bfcb7c342b1020c,FRB20181222A,4.9
166,FRB20181222B,7e166677b33384ddbeafe14ac150b6e0726ed8a830858ed12ff4e560a877d4be,FRB20181222B,0.5
167,FRB20181222C,f1c53e8d3d8cc1d8f18889a617c5dfa4c798cbc2e0ca7249c643791d8006134d,FRB20181222C,0.8
168,FRB20181222D,c7134ab17919a4fe40c418194c06c796eea95ef687d0a6a8fa51fa22d44c52ed,FRB20181222D,0.2
169,FRB20181222E,616bc6cba5efb7a0fb928c9ba79065ec6e40a3c663425db95d9c8849ae405adb,FRB20181222E,1.1
170,FRB20181222E,616bc6cba5efb7a0fb928c9ba79065ec6e40a3c663425db95d9c8849ae405adb,FRB20181222E,1.1
171,FRB20181223A,1156b5afbee0e26f0bf10c7efb46a0b05d77baac195b72be8fa2bb5e3bf3e6bc,FRB20181223A,2.0
172,FRB20181223A,1156b5afbee0e26f0bf10c7efb46a0b05d77baac195b72be8fa2bb5e3bf3e6bc,FRB20181223A,2.0
173,FRB20181223B,2ae8fe91c306b3f0fa8e85a9ee95431ed102f598a25fbebfb19d0373d69d68af,FRB20181223B,0.7
174,FRB20181223C,057132d57aa1d8000cad3685001060fb3f3b94b052bf9c99a04fe2b40903fe38,FRB20181223C,1.4
175,FRB20181224A,d26f00838ef4615cc352b7d68caf6c5aedcbf84a7eecd3b95c6ed338142bdcc4,FRB20181224A,4.3
176,FRB20181224B,5c19dbcd852851f636108477af8e83e307cbbf0d95a81c73cc2b8555671b37d6,FRB20181224B,0.8
177,FRB20181224C,6a7d6ace8e239339ac1ab2fd7524bfbc2ab5ea9644b68f9a062c8a1575875438,FRB20181224C,0.5
178,FRB20181224D,af2530bf19b1e5c4147471b98e3794b90ecbeb3cf11bc6d5ca7626f1ebad1f72,FRB20181224D,0.5
179,FRB20181224E,c5c842c53392baa759a8cd8c5f4ea8d65240f44b882b01b032675a691cce0a75,FRB20181224E,3.6
180,FRB20181224E,c5c842c53392baa759a8cd8c5f4ea8d65240f44b882b01b032675a691cce0a75,FRB20181224E,3.6
181,FRB20181225A,4dd687836d961f14558c8c2e977e4372b675a940b80640fc1955a5c1d717c665,FRB20181225A,0.6
182,FRB20181225B,213aa8c4f785b0063a636cbcac4054ceee6ff9e98279d7d623e27cd68609dcbb,FRB20181225B,1.9
183,FRB20181226C,c69e372da886e6b9c5b65d082c0ec3c7b02f0409132b5acfaed469dc46ed3f63,FRB20181226C,0.9
184,FRB20181226A,5e8906e87fe48f84de95628a7a32ba2a23b89305fd97c5edaeb268082ba9e819,FRB20181226A,1.6
185,FRB20181226A,5e8906e87fe48f84de95628a7a32ba2a23b89305fd97c5edaeb268082ba9e819,FRB20181226A,1.6
186,FRB20181226D,e2a7d02d98649264d6b8db76714880d5c92bdae83ac88a2d360bed9c87e013fe,FRB20181226D,1.9
187,FRB20181226B,1b66eb24bb3a6586a7281c74e38da2e9755767b35db67203d8f054c46333d5f9,FRB20181226B,8.9
188,FRB20181226B,1b66eb24bb3a6586a7281c74e38da2e9755767b35db67203d8f054c46333d5f9,FRB20181226B,8.9
189,FRB20181226B,1b66eb24bb3a6586a7281c74e38da2e9755767b35db67203d8f054c46333d5f9,FRB20181226B,8.9
190,FRB20181226E,e0b38b0c1a994649127b4bc6167eddc10a5c9d2079707d8bb25f9b2ddc285f54,FRB20181226E,0.5
191,FRB20181227A,3c524f08aadf36cc28f9c44d16e4f4f60a16209cdf959be72272b8a4594cc27f,FRB20181227A,0.9
192,FRB20181228A,24a7726d4399c5ddd2a694f27eb7f11af2dd5183ec53751f87d2d69b713ae125,FRB20181228A,1.2
193,FRB20181228B,916d0a7ffbd0bd55b168253eb080370b856edd6296d811b44c6e4843fd80a205,FRB20181228B,0.4
194,FRB20181228C,23c4613285065b22e586376fcd6d9ef419a047847963dddb8d3274175d1b8e02,FRB20181228C,0.5
195,FRB20181229A,564fe4fcf1972ef333c1596927a444bd998e7260c6a59e4e77160ca42e40c2ee,FRB20181229A,1.2
196,FRB20181229B,15374a6d1ce444b66e224970580b3dd375d0e5274d233e990583b6f83be1593c,FRB20181229B,0.4
197,FRB20181230A,be23963452e0be0a3a42d793ce459c4408ee829e96a6af67b7832c3580643caa,FRB20181230A,0.9
198,FRB20181230B,3e46cb0cd4f687be893597cdad9477eefd1ce45519092eb257bf4f9399cff76a,FRB20181230B,0.9
199,FRB20181230C,ca5af38a10e5bff88e21d68174e991e878f77e853019401cb2083a50cd8720fc,FRB20181230C,0.9
200,FRB20181230D,5004851c3e7664abb3bae253b61dd37cff1c60f2ba48b3b85bf862bff2c664bf,FRB20181230D,1.4
201,FRB20181230E,909010aebb71e6bce7d0cc94e58393fdfc271fc90fcdaaf6d59c30c6e7a157a4,FRB20181230E,1.3
202,FRB20181231A,63f90897bc06d4728fe6889d66685a386b760e548f0f29b0367a82b2afbb93f8,FRB20181231A,1.1
203,FRB20181231B,c256cf4ccb26e3958a514461b0da4036a3d4defe65480c1e061c9c7d1cd7b939,FRB20181231B,0.9
204,FRB20181231C,bc034b303137f79f0b04209c9445c514b53b1e8a10ba8c90c15f9fb678bc1fe4,FRB20181231C,0.7
205,FRB20190101A,8cb1ce8d9ea0ab2b99d3cdcf8c8bf396f0debe43cdd661eb641292b18e3e8a5e,FRB20190101A,0.6
206,FRB20190101B,dcf842cb516aeff5d434a909fa166512ac8c3e117bc448715a319d1600384372,FRB20190101B,1.0
207,FRB20190102A,2b4ecda2d4d8ce137c290767bb68f2a101e1c3048bf0a1e214b8823735358235,FRB20190102A,1.1
208,FRB20190102B,6fd0805877d8fc7b21387889dc20bdb0b80da1cdb6bc5fc26d793c97f15e4042,FRB20190102B,1.7
209,FRB20190103B,f91cf1912cc5ce34120ec7aa2a0b31b6efdfd154db173f25481b24f818c2f66a,FRB20190103B,0.7
210,FRB20190103C,82e6b2ee29249c9e2e766301c7a8637db226b15a65111751d18589e468dfce23,FRB20190103C,2.3
211,FRB20190103A,688022de2397a1797b95c68d875f8a2e52feb2e01e40c10af5f0fb732a7e1301,FRB20190103A,1.1
212,FRB20190103D,aac102777180bac0c85daae7d2e01e3fcaa54611d627e915b80957f3893a058e,FRB20190103D,0.5
213,FRB20190103E,f9e03590b03c8183a222a48f5d8f8f1b77bd62827ceb3c9c27434f9524ce6e54,FRB20190103E,0.5
214,FRB20190104A,7296512bce828f2c335cf364e05004494b77e8aceacdc706bf047475614cce18,FRB20190104A,1.4
215,FRB20190104A,7296512bce828f2c335cf364e05004494b77e8aceacdc706bf047475614cce18,FRB20190104A,1.4
216,FRB20190104B,fa32816efa9bdb9aa774ad9cac01cb8269047eec4974f20b42ed2659ceb692ee,FRB20190104B,2.7
217,FRB20190105A,57a590f478c090e92bc525836e09f8758983b70f60a7e3f79773997a840cb69f,FRB20190105A,0.6
218,FRB20190106A,91e27fef87513b76dd5067d186094a2a72cfef30ebb178bab9fd596433a2413d,FRB20190106A,0.3
219,FRB20190106B,f481c042e97d11659ca37601169252af04b1174048a18673b0da8cd0e26df5e9,FRB20190106B,1.7
220,FRB20190107A,88e78ecb2b4be581ad6521676d41048124074ceb2466fef5f4bc7e6643ef7663,FRB20190107A,0.5
221,FRB20190107B,d9328470b3aa6cbcd964e42c173bb635498e847213f16cc3c05c0db23c104740,FRB20190107B,2.8
222,FRB20190109A,e367d7f6d0d14cc6ce779556e73d52d51573a0d6c40f2e52f2cb8a15d93645f6,FRB20190109A,1.2
223,FRB20190109A,e367d7f6d0d14cc6ce779556e73d52d51573a0d6c40f2e52f2cb8a15d93645f6,FRB20190109A,1.2
224,FRB20190109B,69f86dcdb2134723301a2594e2ae92c120fe30361aface952d1c77c70f742c87,FRB20190109B,1.2
225,FRB20190110A,3da5e304365db2b2e6e26cc7432844338f6b3dbb8d15acdfdc6d71a4b75d3ca6,FRB20190110A,1.5
226,FRB20190110B,182def90aedf605b2a9d18c8bec31329580357e6f3d80873cdc8a0ecb9961888,FRB20190110B,0.5
227,FRB20190110C,3e37041fea5e323bf10f2d236fb994852628b94eb62d8ffa9e6a74f362d9df99,FRB20190110C,0.6
228,FRB20190111A,a58986cf1a16c600e2ecd0a935d464369ddb450b0cfa635aacf8162960df3809,FRB20190111A,3.6
229,FRB20190111A,a58986cf1a16c600e2ecd0a935d464369ddb450b0cfa635aacf8162960df3809,FRB20190111A,3.6
230,FRB20190111A,a58986cf1a16c600e2ecd0a935d464369ddb450b0cfa635aacf8162960df3809,FRB20190111A,3.6
231,FRB20190111B,e4a806473061e7954905c83b4ebbd0d662daf153c5e702c96be773499cf4277e,FRB20190111B,0.3
232,FRB20190112A,f58f2eaee7df353682cbf086b0f0dfb08d90efb68e7d7c7c688c61dd0cca2885,FRB20190112A,1.4
233,FRB20190113A,324c9fae90a3dab278b5ab67e89623a082136ff81314c2f5636f99d40a08b613,FRB20190113A,1.3
234,FRB20190114A,24ed34cef454edb4d71d6f7a3ba972cb76e9ec766700ec164a1ce1c6f99d0d64,FRB20190114A,0.6
235,FRB20190115A,dff771cc0a677a548eb5f03554dad9fd4239b62eb6b9e231417e5cc146b2226f,FRB20190115A,0.5
236,FRB20190115B,97efa86268e10cb3e78d3e76f945b1e98ed8aa2dfacdb81886d0e4a48f2bb863,FRB20190115B,1.4
237,FRB20190116E,7b91fc1dcfead3bd9896bbf65e558e6675a676993fc56c488715bf4cc04bf897,FRB20190116E,0.5
238,FRB20190116D,24f4f1932aea81ab16728441682d04a34994ad9b85c569a8e35453e59c78f5ef,FRB20190116D,0.5
239,FRB20190116A,a13abcdcf9ff914309ea7ab0e0c77180dc59f824552bff08b1b6b711b3c54466,FRB20190116A,0.3
240,FRB20190116B,5b2847c99eddff548b449561945a0e5515668c4b706c71be9bcf809b5ca8312c,FRB20190116B,0.5
241,FRB20190116C,2688f3d44f334faa88957800521000acf936baada1fb70f883e7566feb6b5de9,FRB20190116C,28.0
242,FRB20190116F,b0bb8f935829ab0b7cd83bab40bb7dc15e289ca91e2828cac7ff587fdcc981de,FRB20190116F,0.5
243,FRB20190117C,4f362bde7755b01254cda05331c4b22a1cbbefe99cb427a8fd93996315ea9ceb,FRB20190117C,0.4
244,FRB20190117D,c25ce9067e598cdc8f3667f1711b1ec9dc10fb60e7e1d92c61b3c639ba933dfc,FRB20190117D,0.8
245,FRB20190117A,864c60e4e077e9ee328d3974a45a6d26f82d5b43ff969c944e826e28467642f9,FRB20190117A,2.5
246,FRB20190118B,2b9f54ce09469abb326c9a08e4429c07eacbb3bcb056c363d80b95d9d35e4ed7,FRB20190118B,0.3
247,FRB20190118A,18faba07c1b98f915bf5bc797edf041ba6200b7f1338e04bc9956f6e4a17a6ee,FRB20190118A,9.3
248,FRB20190121A,5e2b6c69d1442d576c37a3a98afa6365a25d71e308da9a6ab5076a750df8de9c,FRB20190121A,1.7
249,FRB20190122B,f9481e9e4f67ca84bfbcd561f559c36172f223296e8309706c75980bfe10a1a2,FRB20190122B,0.4
250,FRB20190122C,8dee2e5e6b313040e73e1b651fa38be24b13d48962dd82458876ff0718afdfcc,FRB20190122C,4.2
251,FRB20190122C,8dee2e5e6b313040e73e1b651fa38be24b13d48962dd82458876ff0718afdfcc,FRB20190122C,4.2
252,FRB20190122C,8dee2e5e6b313040e73e1b651fa38be24b13d48962dd82458876ff0718afdfcc,FRB20190122C,4.2
253,FRB20190122C,8dee2e5e6b313040e73e1b651fa38be24b13d48962dd82458876ff0718afdfcc,FRB20190122C,4.2
254,FRB20190122C,8dee2e5e6b313040e73e1b651fa38be24b13d48962dd82458876ff0718afdfcc,FRB20190122C,4.2
255,FRB20190122C,8dee2e5e6b313040e73e1b651fa38be24b13d48962dd82458876ff0718afdfcc,FRB20190122C,4.2
256,FRB20190122A,6ea5ad62c87c567869b59d416bfcad81ed981e3deff96db8b7cc532815af49da,FRB20190122A,0.3
257,FRB20190124A,86c0247854079dfefd57725f6ef5d24b0a0a6d9d6ded9cd697cec5b39de634bc,FRB20190124A,0.6
258,FRB20190124B,35695dd0ba50e13125a1e07f749e0cf6fe0aac1bd68f347ff5e7b7d23280d80f,FRB20190124B,1.0
259,FRB20190124C,b11d312a5ca58eb7833d35f33aad0aba551f88e41ae9933db256caf44705eb01,FRB20190124C,2.5
260,FRB20190124C,b11d312a5ca58eb7833d35f33aad0aba551f88e41ae9933db256caf44705eb01,FRB20190124C,2.5
261,FRB20190124D,2eee1d5801adae0bf4692366e9e9011df4a750c601660c089061140c839003b4,FRB20190124D,0.5
262,FRB20190124E,695c27a336d45d1816eaa06eee20ed082cbe40b6c24c46a8862f08f97e025f7c,FRB20190124E,0.6
263,FRB20190124F,a74638a7cab863d18010667153844986ea14c68a6d8e4abcf3b80ef22bff96ea,FRB20190124F,3.9
264,FRB20190125A,a370b7c0a6b1d7dfa8fcb4565cf926caf7ba1d88311a51990e89807434da1d6d,FRB20190125A,0.4
265,FRB20190125B,b3988a0e5054aee46f2864c4066795e941c4db5d4af8aabe4e3e9c559b24ed8f,FRB20190125B,0.8
266,FRB20190126A,c9c8f1f3ba011b923949ab1d1597817f847ba47317582217a089500cd9932ea6,FRB20190126A,0.7
267,FRB20190127B,9b6e2d79495df010a670c7d3432c274dc12099816f8423a730286c9a04aa0116,FRB20190127B,0.6
268,FRB20190128A,4f739b070a813402d7c676d59127824add65bc569256da7b1a8e4dfc6bfccd87,FRB20190128A,0.6
269,FRB20190128B,ef18b1ca8faf2594f8fd2a6f7bea828462199648563804f81007874c9e7a6d33,FRB20190128B,0.8
270,FRB20190128C,bce39540e892495fcd6b6b1f2a05de2da42ed7b360d8cde690aeb566f63286b3,FRB20190128C,0.7
271,FRB20190128D,b7ef01ad8df6beb14270c64af341f0fa1a9a85e778284358707e5d4dc84dbe34,FRB20190128D,1.2
272,FRB20190129A,95576e4f6afc8ba7e3c77bb3b88244ea11ff127b1002755297945d621b4d3568,FRB20190129A,0.5
273,FRB20190130A,b8eb67fed14436b9142b4ad38ac20b4b9f829f6b3b7b6f3ddfae9a281e49469f,FRB20190130A,0.5
274,FRB20190130B,67dbbb26eede1e66653f04c61de78d29608e2c2676956d3986c06c7d19aa08f6,FRB20190130B,0.8
275,FRB20190131E,2630ab315996cca82260114c42194941208f9aa8c7f693f9286c8e4707e84da3,FRB20190131E,3.0
276,FRB20190131D,c029c24c0d62cca331db461b58d0f98d627303b0bbdfffb241d875fe54227cd5,FRB20190131D,2.9
277,FRB20190131D,c029c24c0d62cca331db461b58d0f98d627303b0bbdfffb241d875fe54227cd5,FRB20190131D,2.9
278,FRB20190131C,4599979cb836f9b5b1d024f0c2574a7d7e71e47f0bc93642e8f38e44b0200bdf,FRB20190131C,0.8
279,FRB20190131B,af5582ebc86c3280626cbe3cc35b3158fe966e8810e04109c707bddc6381d302,FRB20190131B,1.0
280,FRB20190201B,a054ea584d238fc17ed001aed37b409a9131f481e76f14238cfdd51ee443c88c,FRB20190201B,0.8
281,FRB20190201A,bcb0a6994a83fa9669c575d529834e9f7ddb2248932f28d9b963475f13587bfb,FRB20190201A,2.6
282,FRB20190202B,e67acf648e2a0e38c828ee8351cd7a0d6d5e11c4954e9fd1c50725ca74c13732,FRB20190202B,1.6
283,FRB20190202A,22b56689cd562e9cfb2c06546207a34ebe031fc9fc5b905faaa5f6c8a36c6c93,FRB20190202A,41.0
284,FRB20190203B,01c6eb0ac810c036075a4f0436e32efa88fcb0608091dc5c3e0d2cf8c0251127,FRB20190203B,0.5
285,FRB20190203A,1b5a7f4ffffcd2ccb6ed61287b6602185e70fcba3ea643195eee89906e0065c1,FRB20190203A,1.2
286,FRB20190203C,f0a012b133e8a548ac83d68c0f5bbb907aca6e267b2ded001b4b4589b512e192,FRB20190203C,1.4
287,FRB20190204A,19c410a112c2b08479ed5c8e6b386d15fa87b0c3e57269bf401d73bb2c7b310b,FRB20190204A,0.2
288,FRB20190204B,047554e835b265f22c6bab65d0402d62faacfea8083af3f9fb8c971169ad0273,FRB20190204B,1.4
289,FRB20190205A,dc132bb0171b472a1e9347f814af477a05bdc91af62c33a36566caf097c57156,FRB20190205A,0.7
290,FRB20190206C,565dd4d9ca4601f7c816361dbd3fb89a233e2eae870d2553b98ca59cd00c358b,FRB20190206C,0.6
291,FRB20190206B,ffedfabedfc215d949f7a6965b5403504f7b798affae067db4c1d2c3df47af0f,FRB20190206B,0.9
292,FRB20190206A,0e2c15fa221d50ae3a63e7f8146af41f946ce923057568f31406fd863af3046b,FRB20190206A,1.4
293,FRB20190208B,0c624cabb039b71b6ed253ff33159cbcf165bf3bb1b98b3d6b5323b153d530a0,FRB20190208B,10.3
294,FRB20190208C,92b83125657fa1f4fb128ef039795f5f78f639cc7cacc98175267d37ae8a8cf6,FRB20190208C,1.3
295,FRB20190208A,53d56a1f64297355fa45693eeefb62d5189e0da35b4e381a90f22362ec366396,FRB20190208A,0.4
296,FRB20190208A,53d56a1f64297355fa45693eeefb62d5189e0da35b4e381a90f22362ec366396,FRB20190208A,0.4
297,FRB20190208A,53d56a1f64297355fa45693eeefb62d5189e0da35b4e381a90f22362ec366396,FRB20190208A,0.4
298,FRB20190208A,53d56a1f64297355fa45693eeefb62d5189e0da35b4e381a90f22362ec366396,FRB20190208A,0.4
299,FRB20190209A,bbca82d461e3e23454653fc66ee2e2363f9446c4de3f5b33c9c495d5cf1265d7,FRB20190209A,0.8
300,FRB20190210B,192c33444c5c8f51d0404cfb54b66087e3a057d6b9d72c31b364f7273e7319bf,FRB20190210B,2.6
301,FRB20190210C,a09022c6c3fbedf9d804c47b48c3b9ad84090338eb8175f55d591090d034c872,FRB20190210C,2.4
302,FRB20190210A,0518d91e67772f5dc45d6bc2d47a20d48b19de21ae75d613dcc88825cc98fcab,FRB20190210A,0.2
303,FRB20190210D,46c485c72962bd674c8e90a07b74d18623cf543722eebb56767def00fec1c107,FRB20190210D,1.4
304,FRB20190210E,9740f71a4cb82afbb03545d1ca00802aa3447dd8787030f9973c3b5ebf751330,FRB20190210E,0.7
305,FRB20190211A,b4a70035cc27fcfd501ccd696dd3d18354340f93d90dabd2894d0a0e4fbbf85d,FRB20190211A,1.5
306,FRB20190211B,b0ce3158124a7d9dad0ee51d6b9a34935068ad0b75fb4c20d849c21a880137de,FRB20190211B,0.3
307,FRB20190212B,3874a2588da64ecec49003c9630aa007c22cce8ad3a56c6aac68d7e113d1eb1f,FRB20190212B,1.6
308,FRB20190212C,f6f585ee41baafd5dbe45c6b6a18d67ed4c1e109f9708a867ac399a6185865e2,FRB20190212C,0.7
309,FRB20190212D,b8ce46ce88670edb565f4a5bb5acfb5b703619a9de8ba4a923c4759efddcccbf,FRB20190212D,0.4
310,FRB20190212A,d90f9868816e3f20db644fe890951012e6be3d4ddd51e6c7cf01ac81d6a8400f,FRB20190212A,0.4
311,FRB20190213A,0b59cc1ecc190784a0ce83a775fd637f4175c4c1c13349e08b9d8361ce7be6ef,FRB20190213A,0.5
312,FRB20190213C,f31e5423d53e1654285bab5ca55b5f77c435a8423869e99886201ee34a56b258,FRB20190213C,0.6
313,FRB20190213B,499a2e12316bd5108413bb4105f8a467e8e698eb4322d06fb8ef7df6ce158a3c,FRB20190213B,0.9
314,FRB20190213B,499a2e12316bd5108413bb4105f8a467e8e698eb4322d06fb8ef7df6ce158a3c,FRB20190213B,0.9
315,FRB20190213D,bac542835732fc04770d1d2b5737f56407d971ba3a44647371c2a0c99812c639,FRB20190213D,1.0
316,FRB20190214A,a302c4ebbea7503a1c322900b8bd519aafca3cdc4b01eb627884ec80fdc7b263,FRB20190214A,0.5
317,FRB20190214C,b9fea67d66dc56f91582c36f9032ace95ad81a525ce50078e294936683e17fdc,FRB20190214C,1.0
318,FRB20190215B,aa4442a77d53462bda815059beba2692fec74129122c3e82b092877370ff8235,FRB20190215B,2.2
319,FRB20190216A,ab0370dd81932c077ed82106652dcac3e8c076b8ba5d70acd2ee59ced6ef3e6f,FRB20190216A,0.9
320,FRB20190217A,8a97ebcaac3d3040794612ede6d188838282e8da0b0fa1eb3562ad9956c45e1b,FRB20190217A,0.3
321,FRB20190217B,6ca8afe80b26e94f4d5c921697d2e327ec0e7c9c081d7ebb07d55fafc8bcc9af,FRB20190217B,0.5
322,FRB20190218A,d9b8192a1c46382d738bd2fad59218460ec45094b03bc9c564c6a0a58cf78d24,FRB20190218A,0.5
323,FRB20190218B,ad9a050be2d74e0459f2826ee426a2a0d04b17a414f3d76a9b7472f89f26372d,FRB20190218B,0.6
324,FRB20190218C,3a18a5b243513ea0b09ae99e3c2e010a04ccc0fa37d98b1299d23acae46c47be,FRB20190218C,19.0
325,FRB20190219A,8f7a5d104c9ce00e28b1b5be2d153d07798ae1619dc2f34201d8936aa1ca2fc2,FRB20190219A,0.3
326,FRB20190219B,9e3b0839b9c62146a6fc424eaa605d6a69aac0079b238dd93a597c61f6f5c1a0,FRB20190219B,1.1
327,FRB20190219C,600643d16c0b9085677b62934d1201bf78001af1ed5c821df4c5a324465b75d8,FRB20190219C,0.4
328,FRB20190220A,a269212db370230ac7ea4b2fdcffa43692e43e89d9860f1300ab001264c177ff,FRB20190220A,0.3
329,FRB20190221A,534d679cdc3d45e09b7ecc4ccbd8ffba493fc21b2c3adb59ce214fed65e9daac,FRB20190221A,1.2
330,FRB20190221B,9e40df74b4719e029c8b6a2d97036375bc6f2b1a227df513495e0d250a70cec0,FRB20190221B,0.7
331,FRB20190221C,df8a76b8e944e254818731c5fa322f9e18f87f3b7d0b372ab498e07666a61116,FRB20190221C,0.6
332,FRB20190221D,3f849d6117d0dbf2ee2d04e85a9fec6ae5b245dcdc42a553b63a804c36f73b29,FRB20190221D,0.7
333,FRB20190222B,bfc51dcd49d5857960ece7404160401643dfac58cec172f2f4f2c4c761aca485,FRB20190222B,0.4
334,FRB20190222C,19f4ec2c729af5cb6eee58f53b2f21922dada6d140d6a5946fde7f31bb8b287e,FRB20190222C,0.4
335,FRB20190222A,f95b70f54da9a56fa9addbacc5a3c5723601695d2009e7863cf2783f17a4bd40,FRB20190222A,1.7
336,FRB20190222D,b54ff877f9dbee27ac8bb95b61de04d9a3908dbb04922d6387080f0bb077dc06,FRB20190222D,0.8
337,FRB20190223A,7a6250b48b10894755ec4a6b27c3678986b2793faab6960b0fe6b42a476c131f,FRB20190223A,0.5
338,FRB20190223B,f37c43c43a3ea3a45b3d8d0e904517346ca497a261a7825b399a6c496deeb487,FRB20190223B,0.6
339,FRB20190224A,4f9aaf838cd932a2376852a92816ff04b1cf60c35144e33e4ffd34872cbcac52,FRB20190224A,0.6
340,FRB20190224B,2d3c273261ab89cee450516c55ff66d3b03c72f7c030c72625d70514f0ef7724,FRB20190224B,2.0
341,FRB20190224C,53d3a6c6ada7b60bdac062ed161bfff846cb78b27517247752064c77c7afab2f,FRB20190224C,1.4
342,FRB20190224D,4a621be523aa34b4be56a33ecd15cc9fd0357217db22bd7827144e1189570394,FRB20190224D,2.8
343,FRB20190224E,50c138a52dbab2b7eaefe1814114e97e7f7445a2301d348a6d37fe4d5aa7e461,FRB20190224E,2.0
344,FRB20190226A,0048af006a8e3ce967528aed47ffb737c4041e4a6ace1fabe8671c131f213049,FRB20190226A,1.4
345,FRB20190226B,f6d2d793123437392a4f971f511fdc9a7f499105073aba2bad24f98bc08ed1ed,FRB20190226B,0.4
346,FRB20190226C,4aaa5f6325e203fb873515be2542ad03c45bbb8318d03b93079877c126eba052,FRB20190226C,0.4
347,FRB20190227A,bb5750e6b25f012dbf8f672ed91951fa61cf4d03ee73a2bd35fdbc6a30383977,FRB20190227A,3.6
348,FRB20190227B,bc52c2ba8f68364817460aa6547023f53cda0fcbd28f536a11013bfdb663fb34,FRB20190227B,0.5
349,FRB20190228A,11282308f30bb23816a411ab69ae88a898abdbe1d8a3e261efcca43cf301ca21,FRB20190228A,1.8
350,FRB20190228B,f982f05b38653c9a78b97aefe8f4f2acd1d895d487d6d30c5ba54be84c3e0830,FRB20190228B,4.8
351,FRB20190301B,9074ead66f20df100143d9667abb1af6850241adb26355842e338809db53033b,FRB20190301B,0.4
352,FRB20190301C,bd41f1505c69b1e04b12d71c1dfb1f4c7ee3bf85a2f9ebaf47211de7b8415f91,FRB20190301C,0.3
353,FRB20190301D,6d8d45dfaf2eac1df17bae82365ca9ee99639a087b699676349fa4d152452b54,FRB20190301D,0.4
354,FRB20190301A,a50a4431bf709901d8d40ddbfcc5536fd5d8e84ba99d99420a0d852c1bfad21b,FRB20190301A,1.8
355,FRB20190301A,a50a4431bf709901d8d40ddbfcc5536fd5d8e84ba99d99420a0d852c1bfad21b,FRB20190301A,1.8
356,FRB20190302A,d9050d1ff82a28bdcba5918adf8b5d7e29f644aeca38b8ef27eb2c117b8c566f,FRB20190302A,0.6
357,FRB20190303B,08a61e7eb9a1da68518ee3e0cb17abef4870a21dadc79681f24ff860f6bc06a1,FRB20190303B,9.4
358,FRB20190303C,d74d399a9000a350bce53a826a4480365429845a5b931cde8323772882e21f09,FRB20190303C,0.8
359,FRB20190303D,517065e4d1083db162b54b8938c5fc4338cb70ecb6d9cb097e9d0460b34aa398,FRB20190303D,0.6
360,FRB20190303A,6041291bff3598c1e33e791c88a4282ddf019845b0592aa0b30648855b0db856,FRB20190303A,0.5
361,FRB20190304A,61add0d87e290b9ace9a9998d778f301597212a90291516f9ae00d34145e6bb1,FRB20190304A,0.7
362,FRB20190304B,957ecb3a95fae40d0b01acf8556ac87372e86ae58b78f3df2e3e2f7d023be0ab,FRB20190304B,0.7
363,FRB20190304C,33497b0a820e3135cb1de6b33a4d89d1e40f58cb1c7810e98077588389898321,FRB20190304C,0.5
364,FRB20190307A,c7e1e450072987643e536d0da6f7a2133cad4116de2011d1e7093fa94d82361d,FRB20190307A,0.0
365,FRB20190307B,562bf1789aec3b5303acf092aefae0a43aadcb569e06aa23131a785d5b0b0e39,FRB20190307B,0.0
366,FRB20190308C,d7364905808e68232f7d7a36dbb5449a60e0455ada7b9d5eaa03a9e5816a5ea4,FRB20190308C,0.5
367,FRB20190308C,d7364905808e68232f7d7a36dbb5449a60e0455ada7b9d5eaa03a9e5816a5ea4,FRB20190308C,0.5
368,FRB20190308B,da3e6747aaa5d9779de81149b585e9d20d2bb03502c5d933bae4294803c6fef8,FRB20190308B,1.1
369,FRB20190308B,da3e6747aaa5d9779de81149b585e9d20d2bb03502c5d933bae4294803c6fef8,FRB20190308B,1.1
370,FRB20190309A,79a25ab350dd3e4ed3387ac70b7add176ae803e4ac2154e67f867c1677b26780,FRB20190309A,0.4
371,FRB20190313B,ebabd7ce3023e45c51e80cccbbb3752ad5dbe45dc9e00f723e80359f2cde391a,FRB20190313B,0.7
372,FRB20190313A,578ab0daa77365f1fb1cce9ac5a98d90d7108c0842b43effea062cc67cbb6ffb,FRB20190313A,0.4
373,FRB20190316A,298b6bd1b990f8dfe3fd3dd6d9c2cd820d7be36c16c52a65385905bed127c4ac,FRB20190316A,1.3
374,FRB20190317A,0ea9416045dbb9ba8a42b9b54d9eac3b2de4d985bd23c5f3a380b79cb7a9cf59,FRB20190317A,0.5
375,FRB20190317B,2b2151e2bfab4ed4d26b6dc908d9e313f5b52d78a3073366496b858a4e37efa2,FRB20190317B,0.7
376,FRB20190317C,14f9486e89c57aa301258b2c007f58edd0b490f37d66889b73ed1307768b0863,FRB20190317C,0.4
377,FRB20190317F,ddb4b024301ee69b36e86be5f140ea263223c9b2dd39f088361189c958a88035,FRB20190317F,1.6
378,FRB20190317E,0b34b47ce3414b0cc2b46c52e49f44bf0916a04ce740266fb0a7339760e2b60b,FRB20190317E,2.2
379,FRB20190318A,c312a5619b309c88509c5cfe1f2cf9f7aa83d3569f91e0a647e80528ff233146,FRB20190318A,1.6
380,FRB20190319A,05b768d15826ab0fb1314f04fc69ae7c0409ef4301a0088a3f1ea8b4e3a7eddc,FRB20190319A,2.8
381,FRB20190320A,638d566e07d037d67c702dee6afff553d088d086ddd8e4116e10d10731747302,FRB20190320A,0.9
382,FRB20190320B,eae9b9867cc7aeba2f8ed54cab0f82ba30d4c2e40183f660295ab782a5b432af,FRB20190320B,0.7
383,FRB20190320C,1fcce253054020c1026d2da90cd8232fedb3f6eab7533b9b7eebe4f4f0919d04,FRB20190320C,1.2
384,FRB20190320D,e695bc0e393b54154f6c7478a1fbaaa33b20995c599717964758cf68de9f624f,FRB20190320D,0.5
385,FRB20190320E,92c2f168e659863d0ab5a03aa0abab731edef9b17b70ccbb9d0e8ba1c4c3d1f5,FRB20190320E,4.4
386,FRB20190322A,6c4bd975c2753e90dc218f3219eb6ddc8aec64f82eba5bf202c7676cebcfcc8a,FRB20190322A,0.6
387,FRB20190322B,3339ef21862af8dcfd4c35586e36a950480df686968450817a36136ac686b74d,FRB20190322B,0.6
388,FRB20190322C,3887548f275af2d01daa22312c969c4af3a860a0a5873cb3ba4de4f4c7a92b94,FRB20190322C,4.1
389,FRB20190323A,54639131a99843273f44cebef0df3e6d76df5189f0d657abd230fbc1b244753e,FRB20190323A,0.7
390,FRB20190323B,d7591fc6e58be9eabb2825fd2efad11ca896de61074e060f50f0b5605b13c455,FRB20190323B,6.9
391,FRB20190323C,1e919038cc66fecf32307754baf482b84b734341c7eaacbc5cac41be1cd48aad,FRB20190323C,0.6
392,FRB20190323D,aa486115120eeacd853123fbdec2d122f000a12495883dde8540c70fb3e050fa,FRB20190323D,0.4
393,FRB20190325A,bb4e916f7c361722f725b8958a1f524440aa65e30a7b091e1dff7e13f6903ef8,FRB20190325A,1.3
394,FRB20190325B,25312610e1b0ec607a05802b3f3c8c87aff11b95bf79bf6e90612bf31f1e071b,FRB20190325B,0.7
395,FRB20190325C,8deae74731ee31464b3180a83ec8ed1aeca17bf4d3061b1ee399c3895c99f4fe,FRB20190325C,0.6
396,FRB20190326A,8a01b90ed28ee950d7bbf1d7d7767d7ad95248a9f12e3f024d2d5f513bc35974,FRB20190326A,1.0
397,FRB20190327A,8479ee3e260fe5d88a04bd23fd2d338fdb951e28d871e83e563ff102512ceaff,FRB20190327A,2.4
398,FRB20190328A,b73e884f70d4926b963c3d3287ed6bd39bb4e9c3fe0f4a22fbad5a23a60c70e8,FRB20190328A,0.4
399,FRB20190328B,b5a8ffd18244f3e63b5d9565d6e36eb902a672db762200dedd95038ca199d01d,FRB20190328B,0.7
400,FRB20190328C,e46aead624da4f864138ea68b4672c34ff73a422e3b2c0e8814e19cc4a00aca9,FRB20190328C,4.7
401,FRB20190329B,290b2c0e42cda4c5244c20eab5d93752faedf88a0768958d9f6368844702dbd6,FRB20190329B,0.0
402,FRB20190329C,7bf4e7b38046f78c55aa13b065897978f8fc72556cc7edef4299d56b2f71a8c9,FRB20190329C,0.0
403,FRB20190329A,aa691b9aee537d395ddc07df63c4487d879eccf99fbb242ae9c481e0efdd976c,FRB20190329A,0.5
404,FRB20190330A,c2601baebb83f4fb1396e583d77246406ff086816145fba99f5d5c12575bd4a9,FRB20190330A,0.4
405,FRB20190330B,fcad5b087f71f9fa69c260e2950cb13fb20c6c8f7a4ac645abb8966c967b2b7d,FRB20190330B,2.8
406,FRB20190401A,9c5d54c18ee7c143ce90831b71471b213a25fb2d03d4520cb5cc433152281716,FRB20190401A,1.1
407,FRB20190402A,2e5666a2b793bbf42a9dc1d642cd48e9f63defab6108a7fcc0e74678eac0080d,FRB20190402A,0.3
408,FRB20190403G,2f8cddfbe41eaea02d4dbd3d7390d7847b5962e80e92e00dcc98462add8070e0,FRB20190403G,0.8
409,FRB20190403A,d1a74f5adff8905faab8768b2e034490a12c6169f979488ea9e1f8d62d132f84,FRB20190403A,1.1
410,FRB20190403B,1f531b6e8d1ba39c871c11fdbf58f38e26a7f92b02461c651c0a6f43395dae69,FRB20190403B,2.7
411,FRB20190403C,3cfe613c544b5411408cd5015c40dce35e306e939b78b3634e050ff7f0559537,FRB20190403C,0.4
412,FRB20190403D,611c77367f8daa040f7848018c7ca6760297527d9a3dab5193132aa2ee9f29d4,FRB20190403D,0.7
413,FRB20190403E,bbf51797e076d17a74d0284e594909cbd4ef18d764ef7e2cfb10850240b34bd8,FRB20190403E,3.9
414,FRB20190403F,f46c33fa5ca9f5ec91bbb64df1ea17aafa154b3fecc1f3ca3b73a96cf69acbd6,FRB20190403F,0.6
415,FRB20190404A,813164c3daae9fccc03ddbc029c3d37edbd6404849af6d4b0786043891ef49b5,FRB20190404A,1.2
416,FRB20190404B,f1597195ccf38f77616506acbad4f041c759e905853e69a18ff6d3fc8cc4cfa5,FRB20190404B,8.6
417,FRB20190405A,ed5cf643fc2c76b041d3620429dcadb32c61aac89a0d6e02175d7d446bea94d8,FRB20190405A,0.7
418,FRB20190405B,4264c94d81661bd7aa176d9e6b766fcde6b47084103a38e7e735e3e05b8236c9,FRB20190405B,3.4
419,FRB20190406A,a0839d6f5d704dfdf8dcd470dbd46bf91b5d4dde50b715f658978190042d1b4e,FRB20190406A,0.5
420,FRB20190408A,9715224665fe358d71256039d52e01cf6752ce2f155854debdd8a30f4c2dbfbf,FRB20190408A,0.6
421,FRB20190409A,adf6282200e79c52c9a1fe6a180f633a253f43ba111a6b541d93800ded4ed6d0,FRB20190409A,3.0
422,FRB20190409B,4d64990809f5a7405ecd118c84b11dc81c3af846f8a09082ad6856fe29a47fb3,FRB20190409B,0.4
423,FRB20190409C,dedd54161aca5addf3afcec411be1f8c50bb7d80ccc55ba5ef8777751b4abcb0,FRB20190409C,1.0
424,FRB20190409D,e199ed36607e39de831677c67370222d20519d2127ba9902ff59e3ba68198571,FRB20190409D,0.6
425,FRB20190410A,e32ed8525435f2b124d43c5e1248404d864ea50c9727c4f2a4896f97309048cd,FRB20190410A,1.6
426,FRB20190410B,6389fd68e3a5aba4952aab11ad99154ba71220e275f66d0ec3a9cabe636a8269,FRB20190410B,0.2
427,FRB20190411A,5dd41ae84c89b70b62a8f449ab50087c0c29eba6d89aa4b53eb7224d90b5e65a,FRB20190411A,1.2
428,FRB20190411B,3ff3ea38177bce79a746e18dbdbc48021b7e8c844782d289c34afa48e4df73ca,FRB20190411B,0.9
429,FRB20190411C,e5a353df8b980e98564ddca308d81698bca48f70ae13a6ef748a8dc9278e3578,FRB20190411C,3.2
430,FRB20190411C,e5a353df8b980e98564ddca308d81698bca48f70ae13a6ef748a8dc9278e3578,FRB20190411C,3.2
431,FRB20190412A,dec33f0a0547a4dd0e5bfbfdff4219cc97d7bd2ec3e090e6c64a45a93b97bef6,FRB20190412A,1.8
432,FRB20190412B,071b51c23a9aed2ab19cefc3e873e2b21f81f6be39be9a52951ae891bba0fd20,FRB20190412B,0.7
433,FRB20190414A,2b9c10c0d8a3510265942464d2cfb6a2db16d3ac43d446893b55c4be8bf22e91,FRB20190414A,0.4
434,FRB20190414B,e614c58d7e8e653edd2e556270c9ebde3cff645ac26e485e9585a2a35eeb1bc7,FRB20190414B,0.5
435,FRB20190415A,1b1f5ec5c2af57c9eec7e1378a080ad55cb59598f184fdcbedfdd6f46db2449c,FRB20190415A,0.6
436,FRB20190415B,e4c43809121ca2b3b15de8a186dbf553c1557a57fb2a64e5048a72cf8c30e3c7,FRB20190415B,0.8
437,FRB20190415C,6a05ab93c490ca2ed20c53d566175eee44d7ff0590ebe6ae5a7df34de83982f6,FRB20190415C,0.5
438,FRB20190416A,7b22979f5db68fccae384ddb32f4dbf9459b9a628e1157d87997b5f2204076c6,FRB20190416A,0.6
439,FRB20190416B,59fd4d0a549f070d30269b931723bfc58b3a2fc9d8ac83af0a690c9d4a4f7ce5,FRB20190416B,0.7
440,FRB20190417B,aab34d80cc2cb5f73ba442d2e7e4769c266b2ba5534fc4368c1b0408764dc29a,FRB20190417B,0.5
441,FRB20190417A,0630b40498348c2edb62dc933b351a357ae93bd9515bda2797f8c8a8e89b67de,FRB20190417A,0.5
442,FRB20190417C,4b35c5599168f998f0e4bd1f58813d0b4c9817b4d05af29576452490b10df7b7,FRB20190417C,7.9
443,FRB20190418A,71123c3d7865505ad5b7b3654b529ae47fc3df76535aec4d213eaf1c9159fe96,FRB20190418A,1.0
444,FRB20190419A,83db9a89096883008b01acd385ca72416e316626555c9a169961eeacc7d7c02b,FRB20190419A,0.4
445,FRB20190419B,48116897806cee61a7cf69a188a6ce3d4085645eb5747a2e568282147a9e8171,FRB20190419B,4.6
446,FRB20190420B,e831a85081987e556900714336f5fc1d8577669a79576bb11e972f27934ba0de,FRB20190420B,2.2
447,FRB20190420A,a6b0d084397445a81dbfefc72f74c4d5704f2b395e51881f0a6096c34e06b99d,FRB20190420A,0.9
448,FRB20190420C,a3589f81b3a5f480760ef897643ea540070f83ddb3ffb4905134c8ae1355bb2d,FRB20190420C,0.4
449,FRB20190421A,5460171266557678c6db54ed8d73fc11f2ee1cc8297a419ea64b3f1346822a76,FRB20190421A,0.4
450,FRB20190421A,5460171266557678c6db54ed8d73fc11f2ee1cc8297a419ea64b3f1346822a76,FRB20190421A,0.4
451,FRB20190421B,825692879cdbd1c4c7a30ce2ea800e481ba584d83c1ceaac50e6d2ef1cd8849f,FRB20190421B,5.1
452,FRB20190422B,75b7682dc137106777057dd84076388bc9ece5b68cf04320a4a446b7464baa3c,FRB20190422B,0.2
453,FRB20190422A,f06846f850f32688656f1559b559c7e215a1f26f50bcf96b2c19e60023e528ca,FRB20190422A,0.6
454,FRB20190422A,f06846f850f32688656f1559b559c7e215a1f26f50bcf96b2c19e60023e528ca,FRB20190422A,0.6
455,FRB20190422A,f06846f850f32688656f1559b559c7e215a1f26f50bcf96b2c19e60023e528ca,FRB20190422A,0.6
456,FRB20190423A,3e4811c43a6afcab4ae814aec3f64c6e8efff39bc09810efcd9afa704dcf1532,FRB20190423A,10.8
457,FRB20190423A,3e4811c43a6afcab4ae814aec3f64c6e8efff39bc09810efcd9afa704dcf1532,FRB20190423A,10.8
458,FRB20190423B,b281fbef498e8b5bfe035c8bd9ebbd3226892f5173dbd3f93679c2d701c62da1,FRB20190423B,0.9
459,FRB20190423B,b281fbef498e8b5bfe035c8bd9ebbd3226892f5173dbd3f93679c2d701c62da1,FRB20190423B,0.9
460,FRB20190423C,2161e6a1e3a7c38ea838dd41295a186f0d40637e1ad5386a7ade41c471c86f7c,FRB20190423C,1.2
461,FRB20190423D,9803a999825b5425b7c32bf20179e0760212f678cd8f9adb2cdc6653a669a232,FRB20190423D,1.7
462,FRB20190424A,28d8f822ec654e843eccb3723b11c3a5dd9002356962d6fbb818d951d8793ea8,FRB20190424A,1.1
463,FRB20190425A,58a5fc9ba79b4238e25bba5b4b7172452b87cb15b6cbccf39ceb173d5fa336e4,FRB20190425A,18.6
464,FRB20190425B,a664f0f4362068b70a562d3dee04ac5490a8eab22becba3429ce13bd6ff3cab8,FRB20190425B,1.2
465,FRB20190426A,f26b689954d8e80cf5109d79a708be4ebbc75b7cdcb4fbc7d2af5fc32d4d7374,FRB20190426A,1.6
466,FRB20190427A,5714c31cbfc5e1e5a20d62951b16612d3a6b8ebf35e9d888efd954ca257a882e,FRB20190427A,3.9
467,FRB20190428A,b4b3e73fb0f9a28ea95251ee5ab0a2660ca572f56e49015e76282d57dced218a,FRB20190428A,2.2
468,FRB20190429A,946631512b5676311cafe8b85569bef154c06f4dbcdcf9b36e4d3d75ff7181d7,FRB20190429A,0.8
469,FRB20190429B,d22788b2fff03023e007730bd43f545804313549769019a82e042ac2a7f0581d,FRB20190429B,0.7
470,FRB20190430B,ae14d96cac1f032ac4e8949346949f87b192e1cd8685f2cb1317ea69dda5067d,FRB20190430B,0.4
471,FRB20190430A,f075892b744e71fc89ccabc882c6a18b1b021b2803c423dadcd51b4d787a29fb,FRB20190430A,0.8
472,FRB20190430C,39d3e599e8a93b47883aeb736fcf9d7351f49d6b3e30d4865e62559def6cea0e,FRB20190430C,2.2
473,FRB20190501B,af09e9df53ae1f257ae0d7b07082a0412f1bded67b6f62ee507f6daaa0be18ab,FRB20190501B,0.9
474,FRB20190501B,af09e9df53ae1f257ae0d7b07082a0412f1bded67b6f62ee507f6daaa0be18ab,FRB20190501B,0.9
475,FRB20190502A,16e7bfa9369a95651d512dfde52316e7d9ff640a7df1ce4309c2a9399766ffae,FRB20190502A,3.2
476,FRB20190502B,ab5d616581fc860c56c5f955bbfe3a0e7af97de2b75758a8814da35e59c64af0,FRB20190502B,2.6
477,FRB20190502C,5a23b65944ddddf6cda920515f4dab4d15aebe3adfc112f33cf45dc87f58696b,FRB20190502C,3.6
478,FRB20190515A,935ac08e721e7713c54a971fec441982140be5d9d09cc61251468158374f2786,FRB20190515A,0.6
479,FRB20190515B,201d33529db8eb19ad08e1ebf3cc26823a94a7a6bf26dd748fe08d8b29d1fa1d,FRB20190515B,2.8
480,FRB20190515C,d226b3137c52e96bbc41d089a1fd08513ea07bbd45108cd1f8201641c85e965d,FRB20190515C,0.5
481,FRB20190515D,bbcbb81b6744aea0b43069b78e8b0cc1c635f9b127f93da5a70a7bdf555eeab1,FRB20190515D,3.0
482,FRB20190516B,0ededeacd4f2091e4d27e7b2db7ecdc4d66e651fb62f85f00ba5f4132ae18f72,FRB20190516B,1.1
483,FRB20190517D,fbf4379ac4fd17103b9f83b2a0c493aa8dd46011665299688a0e14d450720b46,FRB20190517D,0.5
484,FRB20190517B,e6d5df269b009770bb759836a6436607c88dd19f003ae032853e0d1497d6d7ec,FRB20190517B,0.5
485,FRB20190517C,2ecacf09da5dea30edfaa3922dcb2fefbba50bb976333ed4416b2b1b34771e4a,FRB20190517C,3.1
486,FRB20190518B,c6d44c2fd0354d665466c8492bac088be2f5353954675a218d56a5b8df349c25,FRB20190518B,1.5
487,FRB20190518C,dfdb4d797bb4c740b4ed9eefafb8a6e8806355b7aa879bafbca981ddf2d22a30,FRB20190518C,6.7
488,FRB20190518D,d30b4bd30b2e5ab008e6cee62e42e77fc8f92164265c07f324384380f6d1de84,FRB20190518D,1.4
489,FRB20190518A,bc88a387da965d17642c344cee2d6ce880f4137df7e6e7687c1b32bb8a7d71d8,FRB20190518A,0.3
490,FRB20190518E,6bc23f80cde4df1929e3ac670c1b3b6e2d33f582be6b322445c7a4f62970673e,FRB20190518E,0.8
491,FRB20190518G,9a0ef712611762345502c58e7e09862823be7031345cf6a659412638893d8239,FRB20190518G,1.0
492,FRB20190519D,c71aa4ca961266cba23dc6bd7f8ae929331d8362287e039163632b787cbc1f0e,FRB20190519D,0.4
493,FRB20190519E,4521ee3ab001a6938ba9d9b76d9318d6483eb8f4e64ab2c11f93b16434d5e42d,FRB20190519E,1.0
494,FRB20190519F,6d771910e599da1d750ad2cb36daa054e642c5fe172a6cb44969be136a62821a,FRB20190519F,0.8
495,FRB20190519G,791ad626fc2826debbb5410a75703a96bf0698708020c40c40779f901c6a482d,FRB20190519G,1.1
496,FRB20190519H,260321b949846d94478c827430d5f8a446d6bead72bce9a43612d30af56f6d50,FRB20190519H,3.2
497,FRB20190519A,19d8bdfc8364a7b22fb10f92270baae6a3b2781a89afc21ad689df67cdc23222,FRB20190519A,1.2
498,FRB20190519A,19d8bdfc8364a7b22fb10f92270baae6a3b2781a89afc21ad689df67cdc23222,FRB20190519A,1.2
499,FRB20190519B,4695666a274992db75a59a44a9ba163ba321c39b8abd45bdb3cbd63406da9578,FRB20190519B,1.0
500,FRB20190519B,4695666a274992db75a59a44a9ba163ba321c39b8abd45bdb3cbd63406da9578,FRB20190519B,1.0
501,FRB20190519B,4695666a274992db75a59a44a9ba163ba321c39b8abd45bdb3cbd63406da9578,FRB20190519B,1.0
502,FRB20190519B,4695666a274992db75a59a44a9ba163ba321c39b8abd45bdb3cbd63406da9578,FRB20190519B,1.0
503,FRB20190519C,6c557d8f98a012b5b3c6aa724a940f825db067154d9fdc085000a15881159b0c,FRB20190519C,0.6
504,FRB20190519J,b8b8831aa9041a204760fbb441554787d99ed93b7255fe851c20c5f7be124b98,FRB20190519J,0.6
505,FRB20190520A,224c552b323f55f14ff17ca2601edba97112c2d80e22a1263f97b8d931f02b54,FRB20190520A,1.1
506,FRB20190527A,366e300243d6745d65d17707323bd5908e2ed312c68d1ea44b5c7cdc0a8a437a,FRB20190527A,0.5
507,FRB20190527A,366e300243d6745d65d17707323bd5908e2ed312c68d1ea44b5c7cdc0a8a437a,FRB20190527A,0.5
508,FRB20190527B,f935279082a75920423a896fa5e62c582bc6ee5ba8e6cb7b472df6b724c5a3c9,FRB20190527B,0.4
509,FRB20190527C,d5db06dc27b9ae7873937a68434a8195eadfec386fde49e837d8dc00f71834ec,FRB20190527C,3.0
510,FRB20190529A,b9410ad52d16acce3556b46f6f252071d601388c9f3d2965427836151d9ac5bf,FRB20190529A,0.5
511,FRB20190530A,724dcbaaae01fec959846b8b4af440305f6c4a2800dc870940d7a0ce8a8539ff,FRB20190530A,0.6
512,FRB20190531A,7c4ed33b3682949daa2ff4d26e4daad28f04582af1526cd89730fa766bd29bb4,FRB20190531A,0.0
513,FRB20190531B,9a6c5a406b1ef68fba7abd86f49af3f21e984d39626d6f48c680a92e1ede7959,FRB20190531B,0.0
514,FRB20190531C,a601b36024d6a16b8d8af3bbc8118f5637918d10d4cc61def1968ea0b3c76cad,FRB20190531C,0.4
515,FRB20190531E,1c9080ab0c42d8dfecd15ce317725c9589e7901ee7bf65e9ed55dacb333472ce,FRB20190531E,2.7
516,FRB20190601A,9d93b6595d1a870aec48c387b0626b8b3596336749f28dd27df3ddee48265843,FRB20190601A,0.7
517,FRB20190601B,da1f1a93894770fc3c4fae489604fd23d180fd0ab1909f49aaa739ba1e6e393c,FRB20190601B,1.0
518,FRB20190601D,42d271f969a236496cd7094f07ea9029577fb1a0d1f21d4c2fc3ed52f420e815,FRB20190601D,0.6
519,FRB20190601C,cc019e9de1eec26c7b25990b9d9a18e80a0120d024f9efb721402ef30a99c53a,FRB20190601C,1.3
520,FRB20190601C,cc019e9de1eec26c7b25990b9d9a18e80a0120d024f9efb721402ef30a99c53a,FRB20190601C,1.3
521,FRB20190603B,4d2f4bfae0dbda511b7ca29f20a9767a6df40d0d8b3240ac00b61b4c74618c33,FRB20190603B,1.7
522,FRB20190603A,fc83f9cf3e322515ea5e2ea4a54731782d884b0bc752ea772a54c2b6407a948e,FRB20190603A,0.6
523,FRB20190604D,e806315196bd17f53ada227b73696ac1d5727f023b57a83b617e2f291f4a7654,FRB20190604D,0.8
524,FRB20190604A,cf70050044e08801165b632e14cf22091748c9f33a0bee1d551321d33c5269db,FRB20190604A,0.9
525,FRB20190604E,1deaf948580a9b23d03e58731e6188615aeaa6822182529f982587434f6e4ad7,FRB20190604E,1.2
526,FRB20190604F,2eaf6342d489f50321d4e386f36912ca5ea6e3871c1c621956eca4f090e13d60,FRB20190604F,3.4
527,FRB20190604F,2eaf6342d489f50321d4e386f36912ca5ea6e3871c1c621956eca4f090e13d60,FRB20190604F,3.4
528,FRB20190604F,2eaf6342d489f50321d4e386f36912ca5ea6e3871c1c621956eca4f090e13d60,FRB20190604F,3.4
529,FRB20190604C,a2038d088ccd8c9f006c7e5d1d5d8a5bb21d94ce5ea508e31feff30b2d9b7745,FRB20190604C,1.6
530,FRB20190604G,57c89254201aed2dacc6a9e0dd8bf8c1568a1f07a9fb36b7fc97874a949e7988,FRB20190604G,1.1
531,FRB20190605C,190d37992781510174a90a309c8d4d9bf1f0919c39b8f4e3d4a037e69198973a,FRB20190605C,4.6
532,FRB20190605D,7e7af195d053f257a39075d3e0b5b33e0ad97c98213c6de546bb7a249e7ca06d,FRB20190605D,0.8
533,FRB20190605A,ed057b19fde214688013a833a7b0b0b261b6c8ad9aa46c38d9d81074d41c1f5e,FRB20190605A,1.4
534,FRB20190605B,412557a560d6eb44d57578369a06725e1149cf57df9b0e71ea28ccafcdff1f3b,FRB20190605B,1.8
535,FRB20190605B,412557a560d6eb44d57578369a06725e1149cf57df9b0e71ea28ccafcdff1f3b,FRB20190605B,1.8
536,FRB20190605B,412557a560d6eb44d57578369a06725e1149cf57df9b0e71ea28ccafcdff1f3b,FRB20190605B,1.8
537,FRB20190606A,9dcfcda328997c8d445ab20e72a84e0e14fd6d52b982fb59b498704180bb7885,FRB20190606A,0.5
538,FRB20190606B,ec5264f94072a1ab50aa12fd6d949d3abda36a9608493ea8dc8bee9caeb96a2e,FRB20190606B,2.6
539,FRB20190607A,31841d370e8b080e2d8c474f0b37e0af72979644033dc9620a182064c8856e81,FRB20190607A,4.3
540,FRB20190607B,549cb5b9f0631596bf676e418ca5b4c970316c74868fb390835860929a3d3785,FRB20190607B,1.1
541,FRB20190608A,616afda428d113dc891adba785a739b2ae5ded58e74e713053c287152f69a2b7,FRB20190608A,1.3
542,FRB20190609A,893d3fc105838e2ea38a151023a3220f82213c5b76d81a59e59b23507d5cddae,FRB20190609A,3.6
543,FRB20190609A,893d3fc105838e2ea38a151023a3220f82213c5b76d81a59e59b23507d5cddae,FRB20190609A,3.6
544,FRB20190609B,a8664412fe2913f64e3da46e2e437c7a40bc2ac907c5eabac8fd295175aec3bd,FRB20190609B,11.5
545,FRB20190609C,900296dfafd34fd252a9765ec2b1039e57c7e7245d23a7de54d0aa60342a2617,FRB20190609C,0.6
546,FRB20190609D,a6eac7b793cb7a64191b0503041ef9362b250f9ec94045d8342f3a92597e6884,FRB20190609D,0.7
547,FRB20190611A,62bc64fb4a1b44eb0fe354db4c575ed596280dcc1ad6f03a148d267277aa15dc,FRB20190611A,1.2
548,FRB20190611A,62bc64fb4a1b44eb0fe354db4c575ed596280dcc1ad6f03a148d267277aa15dc,FRB20190611A,1.2
549,FRB20190612A,5eac475ed2059dc3df9e901b58b95940387cf39e50054b0acbe162f736d6eb75,FRB20190612A,0.8
550,FRB20190612B,506b29cd33c9c4b2bbd84020effa769512124845946fbea677e3ac01963ceb05,FRB20190612B,2.4
551,FRB20190612C,493d792a038b3dd3192ac7946f3c80dbb34408740bc9b342954bf064821a36c1,FRB20190612C,3.8
552,FRB20190613A,d62f90e953cffd23c6a0c310025574df4623b8473b032b7dca990d727272ac87,FRB20190613A,1.1
553,FRB20190613B,16baa84b3e103b13e7c36c05b620bdcb07221c6bff98b477ab9fee0d20366db7,FRB20190613B,1.1
554,FRB20190614A,da3c8c61035bd72ebfd4fab094230bdb464f7ebaee53112c35d00cb6b116bad8,FRB20190614A,0.8
555,FRB20190614B,faa8a19ee821474993cb1e483170b42e30ea6a51960a58ebdbc37c189a47186c,FRB20190614B,4.5
556,FRB20190614C,1489bc7de4ef7ab787c8a499c6dec307ff02206850164cc1aa0fa99ef68e87b6,FRB20190614C,0.5
557,FRB20190616A,1f91d7c0a8675651b189e433681e05d65e107bdcefcdfa96828554b827b82cf0,FRB20190616A,0.7
558,FRB20190617A,c97bb8a17abc0bfee865ef1997a00a7ba572f322298634c7f2ff4a5fd28044f5,FRB20190617A,5.8
559,FRB20190617B,d2c918114b2da4e0956d20e7d4808682011a7b4fbf7fc7b816af6123e0ce7eae,FRB20190617B,1.0
560,FRB20190617C,5ceca5f3372c3d6d082957f2bacbc70d6a9e7a030e4ab56cb29468de30d2375d,FRB20190617C,0.5
561,FRB20190618A,ece518df2aebf3d4b998852506b845ee6428c6fbb1acd0379f2e93aa995c0772,FRB20190618A,2.4
562,FRB20190619A,e246a807056ce6231974e29074ca665548f0d3525e4610887ff99e8d81c86440,FRB20190619A,1.6
563,FRB20190619B,5a212561e3ae4ee4aa592e8362fb88e1b5e19b4e4fd33107a52f1154d2d2ad23,FRB20190619B,2.0
564,FRB20190619C,96e8a6aa666edd55d7b0d11a2f816e6e1990940f4a0ca8813621b2fb522d5125,FRB20190619C,0.7
565,FRB20190619D,7e7d1f1b945fab5b2cac928dbc94bfab1ef8ae28ab1b96bb920830938645d0af,FRB20190619D,0.5
566,FRB20190621A,ff712ebf2006a04e0d6a53e9dfa001f2c55506f0d282abcd05b669c24549d1c8,FRB20190621A,0.2
567,FRB20190621B,b89bfc44b05c7d84a0f87a25c949f85330cd82acae2ecad5694df9d76e507e6c,FRB20190621B,0.3
568,FRB20190621C,b1c86f4015f73e2720410212f355eca4d686c9fd24627534b4a76f882ae2f0c9,FRB20190621C,2.0
569,FRB20190621D,7cae82aa9963c11bea391f901a4136a06ef8d71f7c043efc3068f2e35b2f90cd,FRB20190621D,0.9
570,FRB20190622A,98ff7870d8dfc877dc4a1bac36788fa0c579a4d4dac1952b8a5baa1c453bfafe,FRB20190622A,0.6
571,FRB20190623A,701f54451c353db6c84f5cfb2339d98a01ac63b01927f3d3b57427a687bf6587,FRB20190623A,0.4
572,FRB20190623B,c8d048a247cdd7ee15f4f21e76adc6054f8907b971d2b0a8c73486942034152e,FRB20190623B,1.6
573,FRB20190623C,f85767fec9bb09c1a88a86c02ed313c87b5c647d874a5784a2542347ed207723,FRB20190623C,1.9
574,FRB20190624A,8b4a391443fad60147511b07f5bd399351129750edbf99154653561cccfdc422,FRB20190624A,0.6
575,FRB20190624B,d0f57e7fcb0eeb05188ba8ba6978c49ad8e23dd3437043a2cc63d0507c03095f,FRB20190624B,16.5
576,FRB20190625A,db0156e6c6d004901f5813b446a52c4dceb02d10e1b6dadbbf08a1858b61de43,FRB20190625A,0.3
577,FRB20190625E,2adc0df9c2406dd66367539b410e6751be73686ee629b0b22fd48b0d34958c3d,FRB20190625E,0.8
578,FRB20190625E,2adc0df9c2406dd66367539b410e6751be73686ee629b0b22fd48b0d34958c3d,FRB20190625E,0.8
579,FRB20190625E,2adc0df9c2406dd66367539b410e6751be73686ee629b0b22fd48b0d34958c3d,FRB20190625E,0.8
580,FRB20190625C,156b18c542b93b6e5dcd1829f2bb249ad6c8face3828f7339e8dc465d9212caa,FRB20190625C,2.2
581,FRB20190625D,54e4f97503e20c9860e246ec1ed9bac1adf1173111343515c4eb899d19d3d752,FRB20190625D,5.3
582,FRB20190626A,cd0dda4611a22d4129c51ce4ea1dc065bf7737a2c1e09568cf4d577c707e30b9,FRB20190626A,0.4
583,FRB20190627A,ffbd187ace29437eeb9405e154a0e8310ce8023f6519729095f50e3dcaab565b,FRB20190627A,2.0
584,FRB20190627B,400b1132ccbe29fcfaa90d2cb6a0dd9969ab4e8c057aa9212fd3bbe8a28d7135,FRB20190627B,4.1
585,FRB20190627C,e6cdbfcaf7a10b3b3df63bea7c4ae141063367eed1801ec9fd149566f0acd150,FRB20190627C,4.0
586,FRB20190627D,027991ed08cb6dd301770d744977e51798f17280a8f45957b5a120cebe2ab941,FRB20190627D,0.2
587,FRB20190628A,0df27e030e91e83008129481f23a78a8fcfadfe4a1541e60a336d4c96aeef0cb,FRB20190628A,0.8
588,FRB20190628B,ad2923068e0ee8d2e05c6ecc959a95dc425ae730775b16b65006864586802ab8,FRB20190628B,0.8
589,FRB20190628C,493338b9dc6d99e724d70bbeca116f346ed0988ab94abc82567fc1e17c370594,FRB20190628C,0.4
590,FRB20190629A,306ed35b739fbdabb4f02784129c25e19cd92ce66dd1cee412e35171478321c9,FRB20190629A,0.8
591,FRB20190630B,5b254fd3b90ab640a283bcdf0afbf725536eac3f244452b071f31d6f0863f203,FRB20190630B,0.9
592,FRB20190630A,7d53bc0966fc8ae396e464376d521b944dc614200897cde3ed86607b215e1b2b,FRB20190630A,0.4
593,FRB20190630C,05de62e3419fead2dcd9252582f3405fc8fd5fb070f20966c71508584b9e5f5c,FRB20190630C,0.7
594,FRB20190630D,2d06c3e47bedb5e47230ca91ada5d9530fbc2e32e6e75037dcff1625d123ad5a,FRB20190630D,1.7
595,FRB20190701A,8283f8452b93906557f1a459be5849aa77b2056b5704592c9d66cd6c61b3d8c5,FRB20190701A,1.3
596,FRB20190701B,4c51d3047fffcf8336cce19e3291a607cd4daf602200914ada550d70496fb3fe,FRB20190701B,1.1
597,FRB20190701C,97f8202f78d524b2232ca8d3c8d32f6d95e8af107ed381b24880caf9eba2202d,FRB20190701C,0.9
598,FRB20190701D,4ba16fcf6a4ceef31bdcf18722ccc3fd97b9e6bffc83883e4132d733033cd832,FRB20190701D,1.3
599,FRB20190701E,c53f1fa2826a8904815f4d2f8ed9690ccc1227006d0ef43e268ac09f1b460f01,FRB20190701E,0.7
